{
  "seed": 44,
  "catalog_size": 33,
  "sample_count": 1760,
  "train_count": 1232,
  "validation_count": 528,
  "feature_order": [
    "semantic",
    "category",
    "trust",
    "freshness"
  ],
  "selected_weights": [
    0.0,
    0.6,
    0.1,
    0.3
  ],
  "train_metrics": {
    "n": 1232,
    "hit_rate_at_3": 0.810064935064935,
    "mrr": 0.633022186147191,
    "ndcg_at_3": 0.6454993563775558,
    "macro_persona_ndcg": 0.6454993563775574,
    "worst_persona_ndcg": 0.45168066467996865,
    "low_trust_topk_rate": 0.011363636363636364
  },
  "validation_metrics": {
    "n": 528,
    "hit_rate_at_3": 0.7746212121212122,
    "mrr": 0.6266098484848474,
    "ndcg_at_3": 0.625221012067106,
    "macro_persona_ndcg": 0.6252210120671053,
    "worst_persona_ndcg": 0.4536398074134248,
    "low_trust_topk_rate": 0.008207070707070708
  },
  "baselines": {
    "semantic_only": {
      "n": 528,
      "hit_rate_at_3": 0.6761363636363636,
      "mrr": 0.5344065656565652,
      "ndcg_at_3": 0.5157103449878301,
      "macro_persona_ndcg": 0.515710344987831,
      "worst_persona_ndcg": 0.4348801029761962,
      "low_trust_topk_rate": 0.013257575757575758
    },
    "category_only": {
      "n": 528,
      "hit_rate_at_3": 0.7727272727272727,
      "mrr": 0.611079545454544,
      "ndcg_at_3": 0.6134512744182968,
      "macro_persona_ndcg": 0.613451274418296,
      "worst_persona_ndcg": 0.417744803679659,
      "low_trust_topk_rate": 0.013888888888888888
    },
    "deployment_candidate": {
      "n": 528,
      "hit_rate_at_3": 0.7992424242424242,
      "mrr": 0.6164772727272715,
      "ndcg_at_3": 0.6278588705154284,
      "macro_persona_ndcg": 0.627858870515428,
      "worst_persona_ndcg": 0.4424558605519538,
      "low_trust_topk_rate": 0.008838383838383838
    },
    "selected_hybrid": {
      "n": 528,
      "hit_rate_at_3": 0.7746212121212122,
      "mrr": 0.6266098484848474,
      "ndcg_at_3": 0.625221012067106,
      "macro_persona_ndcg": 0.6252210120671053,
      "worst_persona_ndcg": 0.4536398074134248,
      "low_trust_topk_rate": 0.008207070707070708
    }
  },
  "personas": [
    {
      "name": "IT전문독자",
      "category_preferences": {
        "IT/과학": 1.0,
        "경제": 0.35,
        "세계": 0.2
      },
      "category_weight": 0.45,
      "semantic_weight": 0.35,
      "trust_weight": 0.1,
      "freshness_weight": 0.1,
      "novelty_weight": 0.0,
      "rationale": "전문 분야의 연속성을 가장 중시하고 관련 산업 기사도 읽는다."
    },
    {
      "name": "경제실용독자",
      "category_preferences": {
        "경제": 1.0,
        "정치": 0.35,
        "IT/과학": 0.3
      },
      "category_weight": 0.4,
      "semantic_weight": 0.3,
      "trust_weight": 0.2,
      "freshness_weight": 0.1,
      "novelty_weight": 0.0,
      "rationale": "경제 주제와 기존 관심의 연속성을 선호하되 근거가 약한 기사는 피한다."
    },
    {
      "name": "시민정책독자",
      "category_preferences": {
        "정치": 1.0,
        "사회": 0.7,
        "세계": 0.25
      },
      "category_weight": 0.35,
      "semantic_weight": 0.2,
      "trust_weight": 0.35,
      "freshness_weight": 0.1,
      "novelty_weight": 0.0,
      "rationale": "정책·사회 이슈를 보지만 출처와 근거 신뢰도를 강하게 고려한다."
    },
    {
      "name": "국제정세독자",
      "category_preferences": {
        "세계": 1.0,
        "정치": 0.5,
        "경제": 0.45
      },
      "category_weight": 0.4,
      "semantic_weight": 0.25,
      "trust_weight": 0.2,
      "freshness_weight": 0.15,
      "novelty_weight": 0.0,
      "rationale": "국제 이슈의 맥락과 최신성을 함께 본다."
    },
    {
      "name": "생활정보독자",
      "category_preferences": {
        "생활/문화": 1.0,
        "사회": 0.35,
        "IT/과학": 0.2
      },
      "category_weight": 0.4,
      "semantic_weight": 0.2,
      "trust_weight": 0.1,
      "freshness_weight": 0.15,
      "novelty_weight": 0.15,
      "rationale": "생활 주제를 중심으로 읽지만 가끔 새로운 실용 주제를 탐색한다."
    },
    {
      "name": "호기심탐색독자",
      "category_preferences": {},
      "category_weight": 0.15,
      "semantic_weight": 0.15,
      "trust_weight": 0.15,
      "freshness_weight": 0.2,
      "novelty_weight": 0.35,
      "rationale": "최근에 읽지 않은 분야와 새로운 기사를 의도적으로 탐색한다."
    },
    {
      "name": "신뢰우선독자",
      "category_preferences": {},
      "category_weight": 0.15,
      "semantic_weight": 0.15,
      "trust_weight": 0.55,
      "freshness_weight": 0.1,
      "novelty_weight": 0.05,
      "rationale": "분야보다 신뢰도와 근거 품질을 최우선으로 본다."
    },
    {
      "name": "속보스캐너",
      "category_preferences": {
        "정치": 0.35,
        "경제": 0.35,
        "세계": 0.35,
        "사회": 0.35
      },
      "category_weight": 0.2,
      "semantic_weight": 0.1,
      "trust_weight": 0.15,
      "freshness_weight": 0.5,
      "novelty_weight": 0.05,
      "rationale": "여러 분야를 빠르게 훑으며 최신 기사를 우선한다."
    }
  ]
}