{
  "seed": 43,
  "catalog_size": 33,
  "sample_count": 1760,
  "train_count": 1232,
  "validation_count": 528,
  "feature_order": [
    "semantic",
    "category",
    "trust",
    "freshness"
  ],
  "selected_weights": [
    0.0,
    0.5,
    0.1,
    0.4
  ],
  "train_metrics": {
    "n": 1232,
    "hit_rate_at_3": 0.8198051948051948,
    "mrr": 0.631818181818186,
    "ndcg_at_3": 0.6486590879203432,
    "macro_persona_ndcg": 0.648659087920345,
    "worst_persona_ndcg": 0.45237683831169345,
    "low_trust_topk_rate": 0.00946969696969697
  },
  "validation_metrics": {
    "n": 528,
    "hit_rate_at_3": 0.7916666666666666,
    "mrr": 0.6192234848484838,
    "ndcg_at_3": 0.6274527692302556,
    "macro_persona_ndcg": 0.6274527692302552,
    "worst_persona_ndcg": 0.4835834587121243,
    "low_trust_topk_rate": 0.00946969696969697
  },
  "baselines": {
    "semantic_only": {
      "n": 528,
      "hit_rate_at_3": 0.6742424242424242,
      "mrr": 0.5437815656565649,
      "ndcg_at_3": 0.5223391328666178,
      "macro_persona_ndcg": 0.5223391328666188,
      "worst_persona_ndcg": 0.42928812954546075,
      "low_trust_topk_rate": 0.015782828282828284
    },
    "category_only": {
      "n": 528,
      "hit_rate_at_3": 0.7727272727272727,
      "mrr": 0.6151830808080795,
      "ndcg_at_3": 0.6164952341517923,
      "macro_persona_ndcg": 0.6164952341517917,
      "worst_persona_ndcg": 0.3722902582251135,
      "low_trust_topk_rate": 0.017045454545454544
    },
    "deployment_candidate": {
      "n": 528,
      "hit_rate_at_3": 0.7973484848484849,
      "mrr": 0.6172664141414128,
      "ndcg_at_3": 0.6275659751217595,
      "macro_persona_ndcg": 0.627565975121759,
      "worst_persona_ndcg": 0.4217123719697032,
      "low_trust_topk_rate": 0.010732323232323232
    },
    "selected_hybrid": {
      "n": 528,
      "hit_rate_at_3": 0.7916666666666666,
      "mrr": 0.6192234848484838,
      "ndcg_at_3": 0.6274527692302556,
      "macro_persona_ndcg": 0.6274527692302552,
      "worst_persona_ndcg": 0.4835834587121243,
      "low_trust_topk_rate": 0.00946969696969697
    }
  },
  "personas": [
    {
      "name": "IT전문독자",
      "category_preferences": {
        "IT/과학": 1.0,
        "경제": 0.35,
        "세계": 0.2
      },
      "category_weight": 0.45,
      "semantic_weight": 0.35,
      "trust_weight": 0.1,
      "freshness_weight": 0.1,
      "novelty_weight": 0.0,
      "rationale": "전문 분야의 연속성을 가장 중시하고 관련 산업 기사도 읽는다."
    },
    {
      "name": "경제실용독자",
      "category_preferences": {
        "경제": 1.0,
        "정치": 0.35,
        "IT/과학": 0.3
      },
      "category_weight": 0.4,
      "semantic_weight": 0.3,
      "trust_weight": 0.2,
      "freshness_weight": 0.1,
      "novelty_weight": 0.0,
      "rationale": "경제 주제와 기존 관심의 연속성을 선호하되 근거가 약한 기사는 피한다."
    },
    {
      "name": "시민정책독자",
      "category_preferences": {
        "정치": 1.0,
        "사회": 0.7,
        "세계": 0.25
      },
      "category_weight": 0.35,
      "semantic_weight": 0.2,
      "trust_weight": 0.35,
      "freshness_weight": 0.1,
      "novelty_weight": 0.0,
      "rationale": "정책·사회 이슈를 보지만 출처와 근거 신뢰도를 강하게 고려한다."
    },
    {
      "name": "국제정세독자",
      "category_preferences": {
        "세계": 1.0,
        "정치": 0.5,
        "경제": 0.45
      },
      "category_weight": 0.4,
      "semantic_weight": 0.25,
      "trust_weight": 0.2,
      "freshness_weight": 0.15,
      "novelty_weight": 0.0,
      "rationale": "국제 이슈의 맥락과 최신성을 함께 본다."
    },
    {
      "name": "생활정보독자",
      "category_preferences": {
        "생활/문화": 1.0,
        "사회": 0.35,
        "IT/과학": 0.2
      },
      "category_weight": 0.4,
      "semantic_weight": 0.2,
      "trust_weight": 0.1,
      "freshness_weight": 0.15,
      "novelty_weight": 0.15,
      "rationale": "생활 주제를 중심으로 읽지만 가끔 새로운 실용 주제를 탐색한다."
    },
    {
      "name": "호기심탐색독자",
      "category_preferences": {},
      "category_weight": 0.15,
      "semantic_weight": 0.15,
      "trust_weight": 0.15,
      "freshness_weight": 0.2,
      "novelty_weight": 0.35,
      "rationale": "최근에 읽지 않은 분야와 새로운 기사를 의도적으로 탐색한다."
    },
    {
      "name": "신뢰우선독자",
      "category_preferences": {},
      "category_weight": 0.15,
      "semantic_weight": 0.15,
      "trust_weight": 0.55,
      "freshness_weight": 0.1,
      "novelty_weight": 0.05,
      "rationale": "분야보다 신뢰도와 근거 품질을 최우선으로 본다."
    },
    {
      "name": "속보스캐너",
      "category_preferences": {
        "정치": 0.35,
        "경제": 0.35,
        "세계": 0.35,
        "사회": 0.35
      },
      "category_weight": 0.2,
      "semantic_weight": 0.1,
      "trust_weight": 0.15,
      "freshness_weight": 0.5,
      "novelty_weight": 0.05,
      "rationale": "여러 분야를 빠르게 훑으며 최신 기사를 우선한다."
    }
  ]
}