{
  "seed": 45,
  "catalog_size": 33,
  "sample_count": 1760,
  "train_count": 1232,
  "validation_count": 528,
  "feature_order": [
    "semantic",
    "category",
    "trust",
    "freshness"
  ],
  "selected_weights": [
    0.0,
    0.6,
    0.1,
    0.3
  ],
  "train_metrics": {
    "n": 1232,
    "hit_rate_at_3": 0.8076298701298701,
    "mrr": 0.6316829004329052,
    "ndcg_at_3": 0.6433446090010483,
    "macro_persona_ndcg": 0.64334460900105,
    "worst_persona_ndcg": 0.46057073121521896,
    "low_trust_topk_rate": 0.010822510822510822
  },
  "validation_metrics": {
    "n": 528,
    "hit_rate_at_3": 0.7784090909090909,
    "mrr": 0.6353535353535342,
    "ndcg_at_3": 0.633540688697247,
    "macro_persona_ndcg": 0.6335406886972461,
    "worst_persona_ndcg": 0.43722326612554907,
    "low_trust_topk_rate": 0.008207070707070708
  },
  "baselines": {
    "semantic_only": {
      "n": 528,
      "hit_rate_at_3": 0.6875,
      "mrr": 0.5413825757575753,
      "ndcg_at_3": 0.525428014975655,
      "macro_persona_ndcg": 0.5254280149756556,
      "worst_persona_ndcg": 0.4157610195346369,
      "low_trust_topk_rate": 0.013888888888888888
    },
    "category_only": {
      "n": 528,
      "hit_rate_at_3": 0.7727272727272727,
      "mrr": 0.6106691919191906,
      "ndcg_at_3": 0.6132482237757108,
      "macro_persona_ndcg": 0.6132482237757096,
      "worst_persona_ndcg": 0.3858173682359374,
      "low_trust_topk_rate": 0.013257575757575758
    },
    "deployment_candidate": {
      "n": 528,
      "hit_rate_at_3": 0.8049242424242424,
      "mrr": 0.6244318181818169,
      "ndcg_at_3": 0.6364265201636972,
      "macro_persona_ndcg": 0.6364265201636966,
      "worst_persona_ndcg": 0.4348801029761962,
      "low_trust_topk_rate": 0.008838383838383838
    },
    "selected_hybrid": {
      "n": 528,
      "hit_rate_at_3": 0.7784090909090909,
      "mrr": 0.6353535353535342,
      "ndcg_at_3": 0.633540688697247,
      "macro_persona_ndcg": 0.6335406886972461,
      "worst_persona_ndcg": 0.43722326612554907,
      "low_trust_topk_rate": 0.008207070707070708
    }
  },
  "personas": [
    {
      "name": "IT전문독자",
      "category_preferences": {
        "IT/과학": 1.0,
        "경제": 0.35,
        "세계": 0.2
      },
      "category_weight": 0.45,
      "semantic_weight": 0.35,
      "trust_weight": 0.1,
      "freshness_weight": 0.1,
      "novelty_weight": 0.0,
      "rationale": "전문 분야의 연속성을 가장 중시하고 관련 산업 기사도 읽는다."
    },
    {
      "name": "경제실용독자",
      "category_preferences": {
        "경제": 1.0,
        "정치": 0.35,
        "IT/과학": 0.3
      },
      "category_weight": 0.4,
      "semantic_weight": 0.3,
      "trust_weight": 0.2,
      "freshness_weight": 0.1,
      "novelty_weight": 0.0,
      "rationale": "경제 주제와 기존 관심의 연속성을 선호하되 근거가 약한 기사는 피한다."
    },
    {
      "name": "시민정책독자",
      "category_preferences": {
        "정치": 1.0,
        "사회": 0.7,
        "세계": 0.25
      },
      "category_weight": 0.35,
      "semantic_weight": 0.2,
      "trust_weight": 0.35,
      "freshness_weight": 0.1,
      "novelty_weight": 0.0,
      "rationale": "정책·사회 이슈를 보지만 출처와 근거 신뢰도를 강하게 고려한다."
    },
    {
      "name": "국제정세독자",
      "category_preferences": {
        "세계": 1.0,
        "정치": 0.5,
        "경제": 0.45
      },
      "category_weight": 0.4,
      "semantic_weight": 0.25,
      "trust_weight": 0.2,
      "freshness_weight": 0.15,
      "novelty_weight": 0.0,
      "rationale": "국제 이슈의 맥락과 최신성을 함께 본다."
    },
    {
      "name": "생활정보독자",
      "category_preferences": {
        "생활/문화": 1.0,
        "사회": 0.35,
        "IT/과학": 0.2
      },
      "category_weight": 0.4,
      "semantic_weight": 0.2,
      "trust_weight": 0.1,
      "freshness_weight": 0.15,
      "novelty_weight": 0.15,
      "rationale": "생활 주제를 중심으로 읽지만 가끔 새로운 실용 주제를 탐색한다."
    },
    {
      "name": "호기심탐색독자",
      "category_preferences": {},
      "category_weight": 0.15,
      "semantic_weight": 0.15,
      "trust_weight": 0.15,
      "freshness_weight": 0.2,
      "novelty_weight": 0.35,
      "rationale": "최근에 읽지 않은 분야와 새로운 기사를 의도적으로 탐색한다."
    },
    {
      "name": "신뢰우선독자",
      "category_preferences": {},
      "category_weight": 0.15,
      "semantic_weight": 0.15,
      "trust_weight": 0.55,
      "freshness_weight": 0.1,
      "novelty_weight": 0.05,
      "rationale": "분야보다 신뢰도와 근거 품질을 최우선으로 본다."
    },
    {
      "name": "속보스캐너",
      "category_preferences": {
        "정치": 0.35,
        "경제": 0.35,
        "세계": 0.35,
        "사회": 0.35
      },
      "category_weight": 0.2,
      "semantic_weight": 0.1,
      "trust_weight": 0.15,
      "freshness_weight": 0.5,
      "novelty_weight": 0.05,
      "rationale": "여러 분야를 빠르게 훑으며 최신 기사를 우선한다."
    }
  ]
}