strategy,n,HitRate@3,MRR,NDCG@3
profile,12,1.0,1.0,1.0
hybrid,12,1.0,0.75,0.8154648767857289
category,12,1.0,0.3333333333333333,0.5
latest,12,0.0,0.16666666666666666,0.0
random,12,0.4166666666666667,0.3347222222222222,0.271821625595243
